Adsorbate,temp/K,pressure/Pa,ZPE/eV,TS/eV,deltaH/eV,total correction/eV,state energy/eV,G/eV,Eads/eV
4PP,293.15,101325.0,5.004338533744001,1.243450515038694,0.2919905259572921,4.05287854466269,-2154.5736665572194,-2150.5207880125567,
4PCOL,293.15,101325.0,6.850874935124001,1.309896885728521,0.3280412295848798,5.869019278980431,-2252.063722549684,-2246.1947032707035,
PC,293.15,101325.0,6.742060460299999,1.2243291775214422,0.2919412484230541,5.809672531201613,-1812.133390272004,-1806.3237177408023,
H2,293.15,101325.0,0.265761004432,0.394903594285562,0.0884159639794193,-0.0407266258741429,-31.71538123105962,-31.756107856933763,
