Adsorbate,temp/K,pressure/Pa,ZPE/eV,TS/eV,deltaH/eV,total correction/eV,state energy/eV,G/eV,Eads/eV
FF,293.15,101325.0,2.097732392888,0.9622141845577864,0.1751634431757533,1.3106816515060018,-1788.4059594760454,-1787.0952778245394,
FA,293.15,101325.0,2.7063500849,1.0185492685806286,0.1997443308722588,1.8875451471915312,-1820.9956672400776,-1819.108122092886,
THFA,293.15,101325.0,3.934139781968,1.0791316130506667,0.2267009759439555,3.081709144861179,-1886.519337931076,-1883.4376287862149,
MF,293.15,101325.0,2.576885256924,0.9400641364986666,0.1713626962750973,1.8081838167004207,-1381.0781427539755,-1379.269958937275,
FUI,293.15,101325.0,4.312247876728001,1.3716023167968106,0.340926169292012,3.2815717292232875,-3577.275570819255,-3573.9939990900316,
HF,293.15,101325.0,4.927046351304001,1.3888060640756794,0.3516113065874711,3.88985159381582,-3610.0414822792536,-3606.151630685438,
H2,293.15,101325.0,0.265761004432,0.394903594285562,0.0884159639794193,-0.0407266258741429,-31.71538123105962,-31.756107856933763,
